[
    {
        "model": "culinary.ingredient",
        "pk": 1,
        "fields": {
            "name": "test ingredient 0",
            "user": 1,
            "category": "Other",
            "calories": null,
            "proteins": null,
            "fats": null,
            "carbs": null
        }
    },
    {
        "model": "culinary.ingredient",
        "pk": 2,
        "fields": {
            "name": "test ingredient 1",
            "user": 1,
            "category": "Other",
            "calories": null,
            "proteins": null,
            "fats": null,
            "carbs": null
        }
    },
    {
        "model": "culinary.ingredient",
        "pk": 3,
        "fields": {
            "name": "test ingredient 2",
            "user": 1,
            "category": "Other",
            "calories": null,
            "proteins": null,
            "fats": null,
            "carbs": null
        }
    },
    {
        "model": "culinary.ingredient",
        "pk": 4,
        "fields": {
            "name": "test ingredient 3",
            "user": 1,
            "category": "Other",
            "calories": null,
            "proteins": null,
            "fats": null,
            "carbs": null
        }
    },
    {
        "model": "culinary.ingredient",
        "pk": 5,
        "fields": {
            "name": "test ingredient 4",
            "user": 1,
            "category": "Other",
            "calories": null,
            "proteins": null,
            "fats": null,
            "carbs": null
        }
    },
    {
        "model": "culinary.ingredient",
        "pk": 6,
        "fields": {
            "name": "test ingredient 5",
            "user": 1,
            "category": "Other",
            "calories": null,
            "proteins": null,
            "fats": null,
            "carbs": null
        }
    },
    {
        "model": "culinary.ingredient",
        "pk": 7,
        "fields": {
            "name": "test ingredient 6",
            "user": 1,
            "category": "Other",
            "calories": null,
            "proteins": null,
            "fats": null,
            "carbs": null
        }
    },
    {
        "model": "culinary.ingredient",
        "pk": 8,
        "fields": {
            "name": "test ingredient 7",
            "user": 1,
            "category": "Other",
            "calories": null,
            "proteins": null,
            "fats": null,
            "carbs": null
        }
    },
    {
        "model": "culinary.ingredient",
        "pk": 9,
        "fields": {
            "name": "test ingredient 8",
            "user": 1,
            "category": "Other",
            "calories": null,
            "proteins": null,
            "fats": null,
            "carbs": null
        }
    },
    {
        "model": "culinary.ingredient",
        "pk": 10,
        "fields": {
            "name": "test ingredient 9",
            "user": 1,
            "category": "Other",
            "calories": null,
            "proteins": null,
            "fats": null,
            "carbs": null
        }
    },
    {
        "model": "culinary.ingredient",
        "pk": 11,
        "fields": {
            "name": "test ingredient 10",
            "user": 1,
            "category": "Other",
            "calories": null,
            "proteins": null,
            "fats": null,
            "carbs": null
        }
    },
    {
        "model": "culinary.ingredient",
        "pk": 12,
        "fields": {
            "name": "test ingredient 11",
            "user": 1,
            "category": "Other",
            "calories": null,
            "proteins": null,
            "fats": null,
            "carbs": null
        }
    },
    {
        "model": "culinary.ingredient",
        "pk": 13,
        "fields": {
            "name": "test ingredient 12",
            "user": 1,
            "category": "Other",
            "calories": null,
            "proteins": null,
            "fats": null,
            "carbs": null
        }
    },
    {
        "model": "culinary.ingredient",
        "pk": 14,
        "fields": {
            "name": "test ingredient 13",
            "user": 1,
            "category": "Other",
            "calories": null,
            "proteins": null,
            "fats": null,
            "carbs": null
        }
    },
    {
        "model": "culinary.ingredient",
        "pk": 15,
        "fields": {
            "name": "test ingredient 14",
            "user": 1,
            "category": "Other",
            "calories": null,
            "proteins": null,
            "fats": null,
            "carbs": null
        }
    },
    {
        "model": "culinary.ingredient",
        "pk": 16,
        "fields": {
            "name": "test ingredient 15",
            "user": 1,
            "category": "Other",
            "calories": null,
            "proteins": null,
            "fats": null,
            "carbs": null
        }
    },
    {
        "model": "culinary.ingredient",
        "pk": 17,
        "fields": {
            "name": "test ingredient 16",
            "user": 1,
            "category": "Other",
            "calories": null,
            "proteins": null,
            "fats": null,
            "carbs": null
        }
    },
    {
        "model": "culinary.ingredient",
        "pk": 18,
        "fields": {
            "name": "test ingredient 17",
            "user": 1,
            "category": "Other",
            "calories": null,
            "proteins": null,
            "fats": null,
            "carbs": null
        }
    },
    {
        "model": "culinary.ingredient",
        "pk": 19,
        "fields": {
            "name": "test ingredient 18",
            "user": 1,
            "category": "Other",
            "calories": null,
            "proteins": null,
            "fats": null,
            "carbs": null
        }
    },
    {
        "model": "culinary.ingredient",
        "pk": 20,
        "fields": {
            "name": "test ingredient 19",
            "user": 1,
            "category": "Other",
            "calories": null,
            "proteins": null,
            "fats": null,
            "carbs": null
        }
    },
    {
        "model": "culinary.ingredient",
        "pk": 21,
        "fields": {
            "name": "test ingredient 20",
            "user": 1,
            "category": "Other",
            "calories": null,
            "proteins": null,
            "fats": null,
            "carbs": null
        }
    },
    {
        "model": "culinary.ingredient",
        "pk": 22,
        "fields": {
            "name": "test ingredient 21",
            "user": 2,
            "category": "Other",
            "calories": null,
            "proteins": null,
            "fats": null,
            "carbs": null
        }
    },
    {
        "model": "culinary.ingredient",
        "pk": 23,
        "fields": {
            "name": "test ingredient 22",
            "user": 2,
            "category": "Other",
            "calories": null,
            "proteins": null,
            "fats": null,
            "carbs": null
        }
    },
    {
        "model": "culinary.ingredient",
        "pk": 24,
        "fields": {
            "name": "test ingredient 23",
            "user": 2,
            "category": "Other",
            "calories": null,
            "proteins": null,
            "fats": null,
            "carbs": null
        }
    },
    {
        "model": "culinary.ingredient",
        "pk": 25,
        "fields": {
            "name": "test ingredient 24",
            "user": 2,
            "category": "Other",
            "calories": null,
            "proteins": null,
            "fats": null,
            "carbs": null
        }
    },
    {
        "model": "culinary.ingredient",
        "pk": 26,
        "fields": {
            "name": "test ingredient 25",
            "user": 2,
            "category": "Other",
            "calories": null,
            "proteins": null,
            "fats": null,
            "carbs": null
        }
    },
    {
        "model": "culinary.ingredient",
        "pk": 27,
        "fields": {
            "name": "test ingredient 26",
            "user": 3,
            "category": "Other",
            "calories": null,
            "proteins": null,
            "fats": null,
            "carbs": null
        }
    },
    {
        "model": "culinary.ingredient",
        "pk": 28,
        "fields": {
            "name": "test ingredient 27",
            "user": 3,
            "category": "Other",
            "calories": null,
            "proteins": null,
            "fats": null,
            "carbs": null
        }
    },
    {
        "model": "culinary.ingredient",
        "pk": 29,
        "fields": {
            "name": "test ingredient 28",
            "user": 3,
            "category": "Other",
            "calories": null,
            "proteins": null,
            "fats": null,
            "carbs": null
        }
    },
    {
        "model": "culinary.ingredient",
        "pk": 30,
        "fields": {
            "name": "test ingredient 29",
            "user": 3,
            "category": "Other",
            "calories": null,
            "proteins": null,
            "fats": null,
            "carbs": null
        }
    },
    {
        "model": "culinary.ingredient",
        "pk": 31,
        "fields": {
            "name": "test ingredient 30",
            "user": 3,
            "category": "Other",
            "calories": null,
            "proteins": null,
            "fats": null,
            "carbs": null
        }
    },
    {
        "model": "culinary.fridge",
        "pk": 1,
        "fields": {
            "name": "test fridge 0",
            "user": 1,
            "shelf": [
                1,
                2,
                3,
                4,
                5,
                6,
                7,
                8,
                9,
                10,
                11,
                12,
                13,
                14,
                15,
                16,
                17,
                18,
                19,
                20,
                21
            ]
        }
    },
    {
        "model": "culinary.fridge",
        "pk": 2,
        "fields": {
            "name": "test fridge 1",
            "user": 2,
            "shelf": [
                22,
                23,
                24,
                25,
                26
            ]
        }
    },
    {
        "model": "culinary.fridge",
        "pk": 3,
        "fields": {
            "name": "test fridge 2",
            "user": 3,
            "shelf": [
                27,
                28,
                29,
                30,
                31
            ]
        }
    },
    {
        "model": "culinary.measure",
        "pk": 1,
        "fields": {
            "name": "test measure 0"
        }
    },
    {
        "model": "culinary.measure",
        "pk": 2,
        "fields": {
            "name": "test measure 1"
        }
    },
    {
        "model": "culinary.measure",
        "pk": 3,
        "fields": {
            "name": "test measure 2"
        }
    },
    {
        "model": "culinary.utensilconversion",
        "pk": 1,
        "fields": {
            "standard_value": 10.5,
            "utensil": 1,
            "ingredient": 1
        }
    },
    {
        "model": "culinary.utensilconversion",
        "pk": 2,
        "fields": {
            "standard_value": 120.7,
            "utensil": 2,
            "ingredient": 2
        }
    },
    {
        "model": "culinary.utensilconversion",
        "pk": 3,
        "fields": {
            "standard_value": 44.3,
            "utensil": 3,
            "ingredient": 3
        }
    },
    {
        "model": "culinary.recipe",
        "pk": 1,
        "fields": {
            "title": "test recipe 0",
            "thumbnail": "",
            "portions": 6395,
            "total_time": "15:52:05",
            "instructions": "Good woman say man cup. Well drive particularly tend. Within behind perhaps specific. Where can nothing. Along nearly even special beat. Lead blue social. Marriage baby trade work.",
            "author": 1,
            "favorites": [],
            "tags": [
                1,
                4,
                7,
                10,
                13
            ]
        }
    },
    {
        "model": "culinary.recipe",
        "pk": 2,
        "fields": {
            "title": "test recipe 1",
            "thumbnail": "",
            "portions": 8779,
            "total_time": "07:49:27",
            "instructions": "Somebody consider should pay base music. Door such size painting. Power artist few. Star score above open way. Free night really represent cultural mind not. Opportunity under home meet moment sport. Environmental say small accept hair less. Trade business able picture choose feel. Get although protect focus. Water travel green cup different growth peace.",
            "author": 1,
            "favorites": [],
            "tags": [
                2,
                5,
                8,
                11,
                14
            ]
        }
    },
    {
        "model": "culinary.recipe",
        "pk": 3,
        "fields": {
            "title": "test recipe 2",
            "thumbnail": "",
            "portions": 339,
            "total_time": "21:43:22",
            "instructions": "Key shoulder Mr future cultural indeed. Score weight including. Big food where interview on. Analysis sort election himself. Someone edge notice other everyone author. Risk energy despite service song. Sometimes reality card rich success. Size character break activity officer. Well collection size down computer. Task role teach government. Respond PM recently game today option talk official. Understand cover summer produce.",
            "author": 1,
            "favorites": [],
            "tags": [
                3,
                6,
                9,
                12,
                15
            ]
        }
    },
    {
        "model": "culinary.ingredientusage",
        "pk": 1,
        "fields": {
            "amount": 57549662635585.4,
            "ingredient": 1,
            "measure": 1,
            "recipe": 1
        }
    },
    {
        "model": "culinary.ingredientusage",
        "pk": 2,
        "fields": {
            "amount": 39997078.888215,
            "ingredient": 2,
            "measure": 1,
            "recipe": 1
        }
    },
    {
        "model": "culinary.ingredientusage",
        "pk": 3,
        "fields": {
            "amount": 4.94152069866164,
            "ingredient": 3,
            "measure": 1,
            "recipe": 1
        }
    },
    {
        "model": "culinary.ingredientusage",
        "pk": 4,
        "fields": {
            "amount": 119448218085.71,
            "ingredient": 4,
            "measure": 1,
            "recipe": 1
        }
    },
    {
        "model": "culinary.ingredientusage",
        "pk": 5,
        "fields": {
            "amount": 446.536884244799,
            "ingredient": 5,
            "measure": 1,
            "recipe": 1
        }
    },
    {
        "model": "culinary.ingredientusage",
        "pk": 6,
        "fields": {
            "amount": 644741.73300926,
            "ingredient": 6,
            "measure": 2,
            "recipe": 2
        }
    },
    {
        "model": "culinary.ingredientusage",
        "pk": 7,
        "fields": {
            "amount": 947787042090.949,
            "ingredient": 7,
            "measure": 2,
            "recipe": 2
        }
    },
    {
        "model": "culinary.ingredientusage",
        "pk": 8,
        "fields": {
            "amount": 706493613.855785,
            "ingredient": 8,
            "measure": 2,
            "recipe": 2
        }
    },
    {
        "model": "culinary.ingredientusage",
        "pk": 9,
        "fields": {
            "amount": 9712618.78048882,
            "ingredient": 9,
            "measure": 2,
            "recipe": 2
        }
    },
    {
        "model": "culinary.ingredientusage",
        "pk": 10,
        "fields": {
            "amount": 858046.27085768,
            "ingredient": 10,
            "measure": 2,
            "recipe": 2
        }
    },
    {
        "model": "culinary.ingredientusage",
        "pk": 11,
        "fields": {
            "amount": 9710938.43758885,
            "ingredient": 11,
            "measure": 3,
            "recipe": 3
        }
    },
    {
        "model": "culinary.ingredientusage",
        "pk": 12,
        "fields": {
            "amount": 90.7372533004181,
            "ingredient": 12,
            "measure": 3,
            "recipe": 3
        }
    },
    {
        "model": "culinary.ingredientusage",
        "pk": 13,
        "fields": {
            "amount": 51557.63108989,
            "ingredient": 13,
            "measure": 3,
            "recipe": 3
        }
    },
    {
        "model": "culinary.ingredientusage",
        "pk": 14,
        "fields": {
            "amount": 1501840487.51174,
            "ingredient": 14,
            "measure": 3,
            "recipe": 3
        }
    },
    {
        "model": "culinary.ingredientusage",
        "pk": 15,
        "fields": {
            "amount": 4.77119904006252,
            "ingredient": 15,
            "measure": 3,
            "recipe": 3
        }
    }
]